<?xml version="1.0" encoding="UTF-8"?>
<project-private xmlns="http://www.netbeans.org/ns/project-private/1">
    <editor-bookmarks xmlns="http://www.netbeans.org/ns/editor-bookmarks/2" lastBookmarkId="0"/>
    <open-files xmlns="http://www.netbeans.org/ns/projectui-open-files/2">
        <group>
            <file>file:/C:/Users/Daniel.Malhadas/Desktop/python%20scripts%20para%20Machine%20Learning/st/n/str%20(1)/str/TP1/TP1/src/TP1/Model/Modulos/Calendario/Lembrete.java</file>
            <file>file:/C:/Users/Daniel.Malhadas/Desktop/python%20scripts%20para%20Machine%20Learning/st/n/str%20(1)/str/TP1/TP1/test/TestesEficiencia/TestarTuplo.java</file>
            <file>file:/C:/Users/Daniel.Malhadas/Desktop/python%20scripts%20para%20Machine%20Learning/st/n/str%20(1)/str/TP1/TP1/src/TP1/Model/Modulos/Calendario/CalendarioModel.java</file>
            <file>file:/C:/Users/Daniel.Malhadas/Desktop/python%20scripts%20para%20Machine%20Learning/st/n/str%20(1)/str/TP1/TP1/src/TP1/Main/MenusModos/MenuIdades.java</file>
            <file>file:/C:/Users/Daniel.Malhadas/Desktop/python%20scripts%20para%20Machine%20Learning/st/n/str%20(1)/str/TP1/TP1/src/TP1/Main/MenusAuxiliares/MenuEstado.java</file>
            <file>file:/C:/Users/Daniel.Malhadas/Desktop/python%20scripts%20para%20Machine%20Learning/st/n/str%20(1)/str/TP1/TP1/test/TestesUnitarios/TestarCronometro.java</file>
            <file>file:/C:/Users/Daniel.Malhadas/Desktop/python%20scripts%20para%20Machine%20Learning/st/n/str%20(1)/str/TP1/TP1/src/TP1/Utils/Tuplo/TuploTipoEspecifico.java</file>
            <file>file:/C:/Users/Daniel.Malhadas/Desktop/python%20scripts%20para%20Machine%20Learning/st/n/str%20(1)/str/TP1/TP1/test/TestesUnitarios/TestarDiferencaHoraEntreZonas.java</file>
            <file>file:/C:/Users/Daniel.Malhadas/Desktop/python%20scripts%20para%20Machine%20Learning/st/n/str%20(1)/str/TP1/TP1/src/TP1/Main/MenusAuxiliares/MenuData.java</file>
            <file>file:/C:/Users/Daniel.Malhadas/Desktop/python%20scripts%20para%20Machine%20Learning/st/n/str%20(1)/str/TP1/TP1/src/TP1/Model/Modulos/Cronometro/Cronometro.java</file>
            <file>file:/C:/Users/Daniel.Malhadas/Desktop/python%20scripts%20para%20Machine%20Learning/st/n/str%20(1)/str/TP1/TP1/src/TP1/Main/MenusAuxiliares/MenuLerFicheiro.java</file>
            <file>file:/C:/Users/Daniel.Malhadas/Desktop/python%20scripts%20para%20Machine%20Learning/st/n/str%20(1)/str/TP1/TP1/src/TP1/Utils/ApresentacaoListada/ApresentacaoInterface.java</file>
            <file>file:/C:/Users/Daniel.Malhadas/Desktop/python%20scripts%20para%20Machine%20Learning/st/n/str%20(1)/str/TP1/TP1/test/TestesUnitarios/TestarFiltroEntreDatas.java</file>
            <file>file:/C:/Users/Daniel.Malhadas/Desktop/python%20scripts%20para%20Machine%20Learning/st/n/str%20(1)/str/TP1/TP1/src/TP1/Utils/Tuplo/TuploTipo.java</file>
            <file>file:/C:/Users/Daniel.Malhadas/Desktop/python%20scripts%20para%20Machine%20Learning/st/n/str%20(1)/str/TP1/TP1/test/TestesUnitarios/TestarDiferencaIdades.java</file>
            <file>file:/C:/Users/Daniel.Malhadas/Desktop/python%20scripts%20para%20Machine%20Learning/st/n/str%20(1)/str/TP1/TP1/src/TP1/Model/Modulos/AuxiliaresModulos/TemporalQueries/PagamentoSistematico.java</file>
            <file>file:/C:/Users/Daniel.Malhadas/Desktop/python%20scripts%20para%20Machine%20Learning/st/n/str%20(1)/str/TP1/TP1/test/TestesUnitarios/TestarAteAniversario.java</file>
            <file>file:/C:/Users/Daniel.Malhadas/Desktop/python%20scripts%20para%20Machine%20Learning/st/n/str%20(1)/str/TP1/TP1/src/TP1/Model/Modulos/Idade/IdadesQueriesInterface.java</file>
            <file>file:/C:/Users/Daniel.Malhadas/Desktop/python%20scripts%20para%20Machine%20Learning/st/n/str%20(1)/str/TP1/TP1/src/TP1/Main/MenusModos/MenuModoInterface.java</file>
            <file>file:/C:/Users/Daniel.Malhadas/Desktop/python%20scripts%20para%20Machine%20Learning/st/n/str%20(1)/str/TP1/TP1/src/TP1/Model/Modulos/AuxiliaresModulos/TemporalQueries/FiltroEntreDatas.java</file>
            <file>file:/C:/Users/Daniel.Malhadas/Desktop/python%20scripts%20para%20Machine%20Learning/st/n/str%20(1)/str/TP1/TP1/test/TestesUnitarios/TestarOperacoesDatas.java</file>
            <file>file:/C:/Users/Daniel.Malhadas/Desktop/python%20scripts%20para%20Machine%20Learning/st/n/str%20(1)/str/TP1/TP1/test/TestesUnitarios/TestarSubtrairUnidades.java</file>
            <file>file:/C:/Users/Daniel.Malhadas/Desktop/python%20scripts%20para%20Machine%20Learning/st/n/str%20(1)/str/TP1/TP1/test/TestesUnitarios/TestarRegistoViagens.java</file>
            <file>file:/C:/Users/Daniel.Malhadas/Desktop/python%20scripts%20para%20Machine%20Learning/st/n/str%20(1)/str/TP1/TP1/test/TestesUnitarios/TestarConversaoZona.java</file>
            <file>file:/C:/Users/Daniel.Malhadas/Desktop/python%20scripts%20para%20Machine%20Learning/st/n/str%20(1)/str/TP1/TP1/src/TP1/View/Output/Portugues/ConfiguracaoViewPortugues.java</file>
            <file>file:/C:/Users/Daniel.Malhadas/Desktop/python%20scripts%20para%20Machine%20Learning/st/n/str%20(1)/str/TP1/TP1/test/TestesEficiencia/TestarList.java</file>
            <file>file:/C:/Users/Daniel.Malhadas/Desktop/python%20scripts%20para%20Machine%20Learning/st/n/str%20(1)/str/TP1/TP1/src/TP1/Model/Modulos/AuxiliaresModulos/TemporalQueries/AteAniversario.java</file>
            <file>file:/C:/Users/Daniel.Malhadas/Desktop/python%20scripts%20para%20Machine%20Learning/st/n/str%20(1)/str/TP1/TP1/src/TP1/View/Output/Portugues/ApresentacaoViewPortugues.java</file>
            <file>file:/C:/Users/Daniel.Malhadas/Desktop/python%20scripts%20para%20Machine%20Learning/st/n/str%20(1)/str/TP1/TP1/test/TestesUnitarios/TestarFormatacaoDeDatas.java</file>
            <file>file:/C:/Users/Daniel.Malhadas/Desktop/python%20scripts%20para%20Machine%20Learning/st/n/str%20(1)/str/TP1/TP1/src/TP1/Controler/CalculadoraControler/CalculadoraControler.java</file>
            <file>file:/C:/Users/Daniel.Malhadas/Desktop/python%20scripts%20para%20Machine%20Learning/st/n/str%20(1)/str/TP1/TP1/src/TP1/Model/EstadoConfiguracao/CalculadoraEstadoQueriesInterface.java</file>
            <file>file:/C:/Users/Daniel.Malhadas/Desktop/python%20scripts%20para%20Machine%20Learning/st/n/str%20(1)/str/TP1/TP1/src/TP1/Model/Modulos/Cronometro/CronometroThread.java</file>
            <file>file:/C:/Users/Daniel.Malhadas/Desktop/python%20scripts%20para%20Machine%20Learning/st/n/str%20(1)/str/TP1/TP1/src/TP1/Model/Modulos/Cronometro/CronometroQueriesInterface.java</file>
            <file>file:/C:/Users/Daniel.Malhadas/Desktop/python%20scripts%20para%20Machine%20Learning/st/n/str%20(1)/str/TP1/TP1/src/TP1/Model/Modulos/AuxiliaresModulos/TemporalQueries/DiferencaIdades.java</file>
            <file>file:/C:/Users/Daniel.Malhadas/Desktop/python%20scripts%20para%20Machine%20Learning/st/n/str%20(1)/str/TP1/TP1/src/TP1/Model/Modulos/AuxiliaresModulos/TemporalQueries/SubtrairUnidades.java</file>
            <file>file:/C:/Users/Daniel.Malhadas/Desktop/python%20scripts%20para%20Machine%20Learning/st/n/str%20(1)/str/TP1/TP1/src/TP1/Utils/MetricasPerformance/Crono.java</file>
            <file>file:/C:/Users/Daniel.Malhadas/Desktop/python%20scripts%20para%20Machine%20Learning/st/n/str%20(1)/str/TP1/TP1/src/TP1/Model/Modulos/Viagens/Comparators/ComparadorPrecoDecrescente.java</file>
            <file>file:/C:/Users/Daniel.Malhadas/Desktop/python%20scripts%20para%20Machine%20Learning/st/n/str%20(1)/str/TP1/TP1/src/TP1/Model/Modulos/Calendario/RegistoLembretesInterface.java</file>
            <file>file:/C:/Users/Daniel.Malhadas/Desktop/python%20scripts%20para%20Machine%20Learning/st/n/str%20(1)/str/TP1/TP1/src/TP1/Model/Modulos/Cronometro/CronometroLugares/CronometroCrescente.java</file>
            <file>file:/C:/Users/Daniel.Malhadas/Desktop/python%20scripts%20para%20Machine%20Learning/st/n/str%20(1)/str/TP1/TP1/src/TP1/Main/MenusModos/MenuCronometro.java</file>
            <file>file:/C:/Users/Daniel.Malhadas/Desktop/python%20scripts%20para%20Machine%20Learning/st/n/str%20(1)/str/TP1/TP1/src/TP1/Model/Modulos/Viagens/ViagensModel.java</file>
            <file>file:/C:/Users/Daniel.Malhadas/Desktop/python%20scripts%20para%20Machine%20Learning/st/n/str%20(1)/str/TP1/TP1/src/TP1/Model/Modulos/Viagens/Comparators/ComparadorPrecoCrescente.java</file>
            <file>file:/C:/Users/Daniel.Malhadas/Desktop/python%20scripts%20para%20Machine%20Learning/st/n/str%20(1)/str/TP1/TP1/src/TP1/Main/MenusModos/MenuConfiguracao.java</file>
            <file>file:/C:/Users/Daniel.Malhadas/Desktop/python%20scripts%20para%20Machine%20Learning/st/n/str%20(1)/str/TP1/TP1/src/TP1/View/Output/Portugues/CalendarioViewPortugues.java</file>
            <file>file:/C:/Users/Daniel.Malhadas/Desktop/python%20scripts%20para%20Machine%20Learning/st/n/str%20(1)/str/TP1/TP1/src/TP1/View/Output/Portugues/IdadesViewPortugues.java</file>
            <file>file:/C:/Users/Daniel.Malhadas/Desktop/python%20scripts%20para%20Machine%20Learning/st/n/str%20(1)/str/TP1/TP1/src/TP1/Model/Modulos/Calendario/Intervalos/IntervaloInterface.java</file>
            <file>file:/C:/Users/Daniel.Malhadas/Desktop/python%20scripts%20para%20Machine%20Learning/st/n/str%20(1)/str/TP1/TP1/test/TestesEficiencia/TestarSet.java</file>
            <file>file:/C:/Users/Daniel.Malhadas/Desktop/python%20scripts%20para%20Machine%20Learning/st/n/str%20(1)/str/TP1/TP1/src/TP1/Model/Modulos/Calendario/LembreteInterface.java</file>
            <file>file:/C:/Users/Daniel.Malhadas/Desktop/python%20scripts%20para%20Machine%20Learning/st/n/str%20(1)/str/TP1/TP1/src/TP1/Model/Modulos/Cronometro/CronometroModel.java</file>
            <file>file:/C:/Users/Daniel.Malhadas/Desktop/python%20scripts%20para%20Machine%20Learning/st/n/str%20(1)/str/TP1/TP1/src/TP1/Model/Modulos/AuxiliaresModulos/TemporalQueries/IsFimSemana.java</file>
            <file>file:/C:/Users/Daniel.Malhadas/Desktop/python%20scripts%20para%20Machine%20Learning/st/n/str%20(1)/str/TP1/TP1/src/TP1/Main/MenusModos/MenuViagens.java</file>
            <file>file:/C:/Users/Daniel.Malhadas/Desktop/python%20scripts%20para%20Machine%20Learning/st/n/str%20(1)/str/TP1/TP1/src/TP1/Model/Modulos/Viagens/Comparators/ComparadorDuracaoCrescente.java</file>
            <file>file:/C:/Users/Daniel.Malhadas/Desktop/python%20scripts%20para%20Machine%20Learning/st/n/str%20(1)/str/TP1/TP1/src/TP1/Model/Modulos/Viagens/Comparators/ComparadorDataDecrescente.java</file>
            <file>file:/C:/Users/Daniel.Malhadas/Desktop/python%20scripts%20para%20Machine%20Learning/st/n/str%20(1)/str/TP1/TP1/src/TP1/Model/Modulos/AuxiliaresModulos/TemporalQueries/SomarUnidades.java</file>
            <file>file:/C:/Users/Daniel.Malhadas/Desktop/python%20scripts%20para%20Machine%20Learning/st/n/str%20(1)/str/TP1/TP1/src/TP1/Model/Modulos/Viagens/ViagensQueriesInterface.java</file>
            <file>file:/C:/Users/Daniel.Malhadas/Desktop/python%20scripts%20para%20Machine%20Learning/st/n/str%20(1)/str/TP1/TP1/src/TP1/Model/Modulos/Viagens/Comparators/ComparadorDataCrescente.java</file>
            <file>file:/C:/Users/Daniel.Malhadas/Desktop/python%20scripts%20para%20Machine%20Learning/st/n/str%20(1)/str/TP1/TP1/src/TP1/Model/Modulos/Cronometro/CronometroLugares/CronometroDecrescente.java</file>
            <file>file:/C:/Users/Daniel.Malhadas/Desktop/python%20scripts%20para%20Machine%20Learning/st/n/str%20(1)/str/TP1/TP1/test/TestesEficiencia/TestarMap.java</file>
            <file>file:/C:/Users/Daniel.Malhadas/Desktop/python%20scripts%20para%20Machine%20Learning/st/n/str%20(1)/str/TP1/TP1/src/TP1/Model/Modulos/Intervalos/IntervaloDatas.java</file>
            <file>file:/C:/Users/Daniel.Malhadas/Desktop/python%20scripts%20para%20Machine%20Learning/st/n/str%20(1)/str/TP1/TP1/src/TP1/Utils/Tuplo/Tuplo.java</file>
            <file>file:/C:/Users/Daniel.Malhadas/Desktop/python%20scripts%20para%20Machine%20Learning/st/n/str%20(1)/str/TP1/TP1/src/TP1/View/Output/Portugues/ViagensViewPortugues.java</file>
            <file>file:/C:/Users/Daniel.Malhadas/Desktop/python%20scripts%20para%20Machine%20Learning/st/n/str%20(1)/str/TP1/TP1/src/TP1/Model/Modulos/AuxiliaresModulos/FormatacaoDeDatas.java</file>
            <file>file:/C:/Users/Daniel.Malhadas/Desktop/python%20scripts%20para%20Machine%20Learning/st/n/str%20(1)/str/TP1/TP1/src/TP1/Utils/ApresentacaoListada/Apresentacao.java</file>
            <file>file:/C:/Users/Daniel.Malhadas/Desktop/python%20scripts%20para%20Machine%20Learning/st/n/str%20(1)/str/TP1/TP1/src/TP1/Utils/Input/RecebeInput.java</file>
            <file>file:/C:/Users/Daniel.Malhadas/Desktop/python%20scripts%20para%20Machine%20Learning/st/n/str%20(1)/str/TP1/TP1/src/TP1/Model/Modulos/AuxiliaresModulos/TemporalQueries/ConversaoZona.java</file>
            <file>file:/C:/Users/Daniel.Malhadas/Desktop/python%20scripts%20para%20Machine%20Learning/st/n/str%20(1)/str/TP1/TP1/test/TestesUnitarios/TestarTuplo.java</file>
            <file>file:/C:/Users/Daniel.Malhadas/Desktop/python%20scripts%20para%20Machine%20Learning/st/n/str%20(1)/str/TP1/TP1/src/TP1/Model/Modulos/Idade/IdadesModel.java</file>
            <file>file:/C:/Users/Daniel.Malhadas/Desktop/python%20scripts%20para%20Machine%20Learning/st/n/str%20(1)/str/TP1/TP1/src/TP1/Model/Modulos/Calendario/RegistoLembretes.java</file>
            <file>file:/C:/Users/Daniel.Malhadas/Desktop/python%20scripts%20para%20Machine%20Learning/st/n/str%20(1)/str/TP1/TP1/src/TP1/Main/Main.java</file>
            <file>file:/C:/Users/Daniel.Malhadas/Desktop/python%20scripts%20para%20Machine%20Learning/st/n/str%20(1)/str/TP1/TP1/src/TP1/Main/MenusModos/MenuCalendario.java</file>
            <file>file:/C:/Users/Daniel.Malhadas/Desktop/python%20scripts%20para%20Machine%20Learning/st/n/str%20(1)/str/TP1/TP1/src/TP1/Model/Modulos/AuxiliaresModulos/TemporalQueries/DiferencaHoraEntreZonas.java</file>
            <file>file:/C:/Users/Daniel.Malhadas/Desktop/python%20scripts%20para%20Machine%20Learning/st/n/str%20(1)/str/TP1/TP1/src/TP1/Model/Modulos/Calendario/Intervalos/IntervaloDatas/IntervaloDatas.java</file>
            <file>file:/C:/Users/Daniel.Malhadas/Desktop/python%20scripts%20para%20Machine%20Learning/st/n/str%20(1)/str/TP1/TP1/src/TP1/Model/Modulos/Viagens/Viagem.java</file>
            <file>file:/C:/Users/Daniel.Malhadas/Desktop/python%20scripts%20para%20Machine%20Learning/st/n/str%20(1)/str/TP1/TP1/src/TP1/Model/Model.java</file>
            <file>file:/C:/Users/Daniel.Malhadas/Desktop/python%20scripts%20para%20Machine%20Learning/st/n/str%20(1)/str/TP1/TP1/src/TP1/Model/Modulos/Viagens/RegistoViagens.java</file>
            <file>file:/C:/Users/Daniel.Malhadas/Desktop/python%20scripts%20para%20Machine%20Learning/st/n/str%20(1)/str/TP1/TP1/src/TP1/Main/ValoresFixos.java</file>
            <file>file:/C:/Users/Daniel.Malhadas/Desktop/python%20scripts%20para%20Machine%20Learning/st/n/str%20(1)/str/TP1/TP1/src/TP1/Model/EstadoConfiguracao/CalculadoraEstadoModel.java</file>
            <file>file:/C:/Users/Daniel.Malhadas/Desktop/python%20scripts%20para%20Machine%20Learning/st/n/str%20(1)/str/TP1/TP1/src/TP1/Model/Modulos/Calendario/CalendarioQueriesInterface.java</file>
            <file>file:/C:/Users/Daniel.Malhadas/Desktop/python%20scripts%20para%20Machine%20Learning/st/n/str%20(1)/str/TP1/TP1/src/TP1/Model/Modulos/Metricas/MetricasDatas.java</file>
            <file>file:/C:/Users/Daniel.Malhadas/Desktop/python%20scripts%20para%20Machine%20Learning/st/n/str%20(1)/str/TP1/TP1/src/TP1/Model/Modulos/Viagens/Comparators/ComparadorDuracaoDecrescente.java</file>
            <file>file:/C:/Users/Daniel.Malhadas/Desktop/python%20scripts%20para%20Machine%20Learning/st/n/str%20(1)/str/TP1/TP1/src/TP1/View/Output/Portugues/CronometroViewPortugues.java</file>
            <file>file:/C:/Users/Daniel.Malhadas/Desktop/python%20scripts%20para%20Machine%20Learning/st/n/str%20(1)/str/TP1/TP1/src/TP1/Controler/Controler.java</file>
            <file>file:/C:/Users/Daniel.Malhadas/Desktop/python%20scripts%20para%20Machine%20Learning/st/n/str%20(1)/str/TP1/TP1/test/TestesUnitarios/TestarSomarUnidades.java</file>
            <file>file:/C:/Users/Daniel.Malhadas/Desktop/python%20scripts%20para%20Machine%20Learning/st/n/str%20(1)/str/TP1/TP1/src/TP1/View/Output/View.java</file>
            <file>file:/C:/Users/Daniel.Malhadas/Desktop/python%20scripts%20para%20Machine%20Learning/st/n/str%20(1)/str/TP1/TP1/src/TP1/Utils/Tuplo/TuploEspecifico.java</file>
        </group>
    </open-files>
</project-private>
